<application>
  <component name="LocalDatabaseDriverManager" version="201">
    <driver id="mysql.8">
      <artifact />
      <artifact id="MySQL ConnectorJ" name="MySQL ConnectorJ" use="true" version="8.0.25" />
    </driver>
    <driver id="postgresql">
      <artifact id="PostgreSQL" name="PostgreSQL" use="true" version="42.5.0" />
    </driver>
    <driver id="sqlite.xerial">
      <library>
        <url>file://$APPLICATION_CONFIG_DIR$/jdbc-drivers/Xerial SQLiteJDBC/3.20.1.1/xerial-sqlite-license.txt</url>
      </library>
      <library>
        <url>file://$APPLICATION_CONFIG_DIR$/jdbc-drivers/Xerial SQLiteJDBC/3.20.1.1/sqlite-jdbc-3.20.1.1.jar</url>
      </library>
    </driver>
    <driver id="2f3f5525-b995-4263-9365-61ba486b211f" name="noipfraud driver" dialect="SQLite" driver-class="org.sqlite.JDBC" icon="AllIcons.Providers.Sqlite">
      <url-template name="default" template="jdbc:sqlite:!(:memory:){file::identifier.sqlite}?" />
      <url-template name="In-memory" template="jdbc:sqlite::memory:" />
      <artifact id="Xerial SQLiteJDBC" name="Xerial SQLiteJDBC" use="true" />
      <property name="enable_load_extension" value="true" />
      <library>
        <url>file://$APPLICATION_CONFIG_DIR$/jdbc-drivers/Xerial SQLiteJDBC/3.16.1/xerial-sqlite-license.txt</url>
      </library>
      <library>
        <url>file://$APPLICATION_CONFIG_DIR$/jdbc-drivers/Xerial SQLiteJDBC/3.16.1/sqlite-jdbc-3.16.1.jar</url>
      </library>
    </driver>
  </component>
</application>