<application>
  <component name="FileTypeManager" version="18">
    <extensionMap>
      <mapping pattern="Running-load-test-locally" type="AUTO_DETECTED" />
      <mapping pattern="leader-election-role" type="AUTO_DETECTED" />
      <mapping pattern="Makefile2" type="AUTO_DETECTED" />
      <mapping pattern="version" type="AUTO_DETECTED" />
      <mapping pattern="Running-Terraform-locally" type="AUTO_DETECTED" />
      <mapping ext="cnf" type="PLAIN_TEXT" />
      <mapping ext="graphql" type="PLAIN_TEXT" />
      <removed_mapping ext="conf" approved="true" type="SmartyConfig" />
      <removed_mapping ext="graphql" approved="true" type="GraphQL" />
    </extensionMap>
  </component>
</application>